truck_id,is_reefer,Q,Q_cold,W,used_v_eff,used_q,used_q_cold,used_w,u_vol,u_w,u_cold,u_bn,under_min,cap_violation,fixed_cost,departed,departure_time
TR001,False,31.0,13.7,11911.9,0.128519,0.1265,0.09930000000000001,56.519999999999996,0.004145774193548387,0.004744834996935837,0.007248175182481754,0.004145774193548387,1,0,507.85,False,
TD001,False,29.9,0.0,11787.4,0.084621,0.0823,0.0,23.26,0.0028301337792642142,0.001973293516806081,0.0,0.001973293516806081,1,0,419.63,False,
