run_id,rank,order_id,vip,due,alpha,v_eff,weight,sort_key
day-1,1,O0008,False,11:27,1.0,0.009991,8.27,"(0, datetime.datetime(2025, 10, 23, 11, 27), -1.0, -0.009991)"
day-1,2,O0007,False,14:05,0.0,0.038295,7.47,"(0, datetime.datetime(2025, 10, 23, 14, 5), -0.0, -0.038295)"
day-1,3,O0004,False,14:29,0.0,0.010094,2.58,"(0, datetime.datetime(2025, 10, 23, 14, 29), -0.0, -0.010094)"
day-1,4,O0003,False,15:00,0.0,0.033376,12.44,"(0, datetime.datetime(2025, 10, 23, 15, 0), -0.0, -0.033376)"
day-1,5,O0002,False,19:01,0.4429223744292238,0.04487,26.049999999999997,"(0, datetime.datetime(2025, 10, 23, 19, 1), -0.4429223744292238, -0.04487)"
day-1,6,O0006,False,19:03,0.9575757575757576,0.06644800000000001,21.43,"(0, datetime.datetime(2025, 10, 23, 19, 3), -0.9575757575757576, -0.06644800000000001)"
day-1,7,O0005,False,20:40,1.0,0.00721,0.77,"(0, datetime.datetime(2025, 10, 23, 20, 40), -1.0, -0.00721)"
day-1,8,O0001,False,20:42,0.0,0.002856,0.77,"(0, datetime.datetime(2025, 10, 23, 20, 42), -0.0, -0.002856)"
